{"cameraMode":{"drawMode":0,"name":"Shaded","section":"Shading Mode"},"sceneLighting":true,"audioPlay":false,"sceneViewState":{"m_AlwaysRefresh":false,"showFog":true,"showSkybox":true,"showFlares":true,"showImageEffects":true,"showParticleSystems":true,"showVisualEffectGraphs":true,"m_FxEnabled":true},"in2DMode":false,"pivot":{"x":505.73211669921877,"y":218.7761688232422,"z":29.773378372192384},"rotation":{"x":-0.03629934787750244,"y":0.011089554987847805,"z":-0.00040272079058922827,"w":-0.9992794990539551},"size":251.24688720703126,"orthographic":false}