{"cameraMode":{"drawMode":0,"name":"Shaded","section":"Shading Mode"},"sceneLighting":true,"audioPlay":false,"sceneViewState":{"m_AlwaysRefresh":false,"showFog":true,"showSkybox":true,"showFlares":true,"showImageEffects":true,"showParticleSystems":true,"showVisualEffectGraphs":true,"m_FxEnabled":true},"in2DMode":false,"pivot":{"x":565.9497680664063,"y":288.302734375,"z":10.633270263671875},"rotation":{"x":0.007186666131019592,"y":0.032090745866298679,"z":0.00023153757501859218,"w":-0.9994558095932007},"size":103.07764434814453,"orthographic":false}